source_file,gen_model,K_true,density,hierch,rep_id,scenario_id,theta_ocrp,dgp_partition,comparison,favoured_model,dyad_id,i,j,zi_true,zj_true,block_pair,block_distance,Aij,Aji,Nij,total_edges,net_edges,observed_share_ij,pointwise_delta
loo_pointwise_rep001_SST_appModerate_SST_K8_kappa_0.6_app_moderate_seed1001.csv,SST,8,kappa_0.6,app_moderate,1,SST_appModerate,2.1959442631574,OCRP_MIN,SST_minus_DC,SST,1030,40,46,1,2,1-2,1,2,1,3,3,1,0.6666666666666666,1.69706293513056
loo_pointwise_rep001_SST_appModerate_SST_K8_kappa_0.6_app_moderate_seed1001.csv,SST,8,kappa_0.6,app_moderate,1,SST_appModerate,2.1959442631574,OCRP_MIN,SST_minus_DC,SST,872,11,43,2,1,1-2,1,3,0,3,3,3,1,1.69355462790772
loo_pointwise_rep001_SST_appModerate_SST_K8_kappa_0.6_app_moderate_seed1001.csv,SST,8,kappa_0.6,app_moderate,1,SST_appModerate,2.1959442631574,OCRP_MIN,SST_minus_DC,DC,780,39,40,4,1,1-4,3,1,2,3,3,-1,0.3333333333333333,-1.57861553232796
loo_pointwise_rep001_SST_appModerate_SST_K8_kappa_0.6_app_moderate_seed1001.csv,SST,8,kappa_0.6,app_moderate,1,SST_appModerate,2.1959442631574,OCRP_MIN,SST_minus_DC,DC,647,17,37,4,1,1-4,3,1,1,2,2,0,0.5,-1.46457015515031
loo_pointwise_rep001_SST_appModerate_SST_K8_kappa_0.6_app_moderate_seed1001.csv,SST,8,kappa_0.6,app_moderate,1,SST_appModerate,2.1959442631574,OCRP_MIN,SST_minus_DC,SST,831,11,42,2,2,2-2,0,2,1,3,3,1,0.6666666666666666,1.36764180459426
loo_pointwise_rep001_SST_appModerate_SST_K8_kappa_0.6_app_moderate_seed1001.csv,SST,8,kappa_0.6,app_moderate,1,SST_appModerate,2.1959442631574,OCRP_MIN,SST_minus_DC,SST,902,41,43,2,1,1-2,1,2,1,3,3,1,0.6666666666666666,1.31282774994909
loo_pointwise_rep001_SST_appModerate_SST_K8_kappa_0.6_app_moderate_seed1001.csv,SST,8,kappa_0.6,app_moderate,1,SST_appModerate,2.1959442631574,OCRP_MIN,SST_minus_DC,DC,1428,50,54,7,3,3-7,4,1,4,5,5,-3,0.2,-1.23345141511481
loo_pointwise_rep001_SST_appModerate_SST_K8_kappa_0.6_app_moderate_seed1001.csv,SST,8,kappa_0.6,app_moderate,1,SST_appModerate,2.1959442631574,OCRP_MIN,SST_minus_DC,DC,20,5,7,4,3,3-4,1,2,0,2,2,2,1,-1.20201496446276
loo_pointwise_rep001_SST_appModerate_SST_K8_kappa_0.6_app_moderate_seed1001.csv,SST,8,kappa_0.6,app_moderate,1,SST_appModerate,2.1959442631574,OCRP_MIN,SST_minus_DC,DC,921,18,44,7,3,3-7,4,0,4,4,4,-4,0,-1.10293922067777
loo_pointwise_rep001_SST_appModerate_SST_K8_kappa_0.6_app_moderate_seed1001.csv,SST,8,kappa_0.6,app_moderate,1,SST_appModerate,2.1959442631574,OCRP_MIN,SST_minus_DC,DC,732,29,39,4,4,4-4,0,2,0,2,2,2,1,-1.06659713025995
loo_pointwise_rep001_SST_appModerate_SST_K8_kappa_0.6_app_moderate_seed1001.csv,SST,8,kappa_0.6,app_moderate,1,SST_appModerate,2.1959442631574,OCRP_MIN,SST_minus_DC,DC,1627,31,58,7,3,3-7,4,0,4,4,4,-4,0,-0.9610690970847
loo_pointwise_rep001_SST_appModerate_SST_K8_kappa_0.6_app_moderate_seed1001.csv,SST,8,kappa_0.6,app_moderate,1,SST_appModerate,2.1959442631574,OCRP_MIN,SST_minus_DC,SST,1167,39,49,4,3,3-4,1,0,2,2,2,-2,0,0.938020725348818
loo_pointwise_rep001_SST_appModerate_SST_K8_kappa_0.6_app_moderate_seed1001.csv,SST,8,kappa_0.6,app_moderate,1,SST_appModerate,2.1959442631574,OCRP_MIN,SST_minus_DC,SST,2006,53,64,3,4,3-4,1,2,0,2,2,2,1,0.92119781130053
loo_pointwise_rep001_SST_appModerate_SST_K8_kappa_0.6_app_moderate_seed1001.csv,SST,8,kappa_0.6,app_moderate,1,SST_appModerate,2.1959442631574,OCRP_MIN,SST_minus_DC,SST,901,40,43,1,1,1-1,0,1,1,2,2,0,0.5,0.905743121088893
loo_pointwise_rep001_SST_appModerate_SST_K8_kappa_0.6_app_moderate_seed1001.csv,SST,8,kappa_0.6,app_moderate,1,SST_appModerate,2.1959442631574,OCRP_MIN,SST_minus_DC,SST,435,29,30,4,3,3-4,1,0,2,2,2,-2,0,0.884678974829359
loo_pointwise_rep001_SST_appModerate_SST_K8_kappa_0.6_app_moderate_seed1001.csv,SST,8,kappa_0.6,app_moderate,1,SST_appModerate,2.1959442631574,OCRP_MIN,SST_minus_DC,SST,600,5,36,4,3,3-4,1,0,2,2,2,-2,0,0.866648664626876
loo_pointwise_rep001_SST_appModerate_SST_K8_kappa_0.6_app_moderate_seed1001.csv,SST,8,kappa_0.6,app_moderate,1,SST_appModerate,2.1959442631574,OCRP_MIN,SST_minus_DC,DC,1927,36,63,3,5,3-5,2,4,0,4,4,4,1,-0.853466569428206
loo_pointwise_rep001_SST_appModerate_SST_K8_kappa_0.6_app_moderate_seed1001.csv,SST,8,kappa_0.6,app_moderate,1,SST_appModerate,2.1959442631574,OCRP_MIN,SST_minus_DC,SST,778,37,40,1,1,1-1,0,1,1,2,2,0,0.5,0.843740007379377
loo_pointwise_rep001_SST_appModerate_SST_K8_kappa_0.6_app_moderate_seed1001.csv,SST,8,kappa_0.6,app_moderate,1,SST_appModerate,2.1959442631574,OCRP_MIN,SST_minus_DC,DC,782,2,41,6,2,2-6,4,2,2,4,4,0,0.5,-0.839058394494052
loo_pointwise_rep001_SST_appModerate_SST_K8_kappa_0.6_app_moderate_seed1001.csv,SST,8,kappa_0.6,app_moderate,1,SST_appModerate,2.1959442631574,OCRP_MIN,SST_minus_DC,SST,141,5,18,4,7,4-7,3,2,2,4,4,0,0.5,0.834987774643947
loo_pointwise_rep001_SST_appModerate_SST_K8_kappa_0.6_app_moderate_seed1001.csv,SST,8,kappa_0.6,app_moderate,1,SST_appModerate,2.1959442631574,OCRP_MIN,WST_minus_DC,WST,872,11,43,2,1,1-2,1,3,0,3,3,3,1,1.57896918492318
loo_pointwise_rep001_SST_appModerate_SST_K8_kappa_0.6_app_moderate_seed1001.csv,SST,8,kappa_0.6,app_moderate,1,SST_appModerate,2.1959442631574,OCRP_MIN,WST_minus_DC,DC,647,17,37,4,1,1-4,3,1,1,2,2,0,0.5,-1.52575968325219
loo_pointwise_rep001_SST_appModerate_SST_K8_kappa_0.6_app_moderate_seed1001.csv,SST,8,kappa_0.6,app_moderate,1,SST_appModerate,2.1959442631574,OCRP_MIN,WST_minus_DC,WST,1030,40,46,1,2,1-2,1,2,1,3,3,1,0.6666666666666666,1.43001015911626
loo_pointwise_rep001_SST_appModerate_SST_K8_kappa_0.6_app_moderate_seed1001.csv,SST,8,kappa_0.6,app_moderate,1,SST_appModerate,2.1959442631574,OCRP_MIN,WST_minus_DC,DC,780,39,40,4,1,1-4,3,1,2,3,3,-1,0.3333333333333333,-1.41552503971649
loo_pointwise_rep001_SST_appModerate_SST_K8_kappa_0.6_app_moderate_seed1001.csv,SST,8,kappa_0.6,app_moderate,1,SST_appModerate,2.1959442631574,OCRP_MIN,WST_minus_DC,DC,732,29,39,4,4,4-4,0,2,0,2,2,2,1,-1.12808113124778
loo_pointwise_rep001_SST_appModerate_SST_K8_kappa_0.6_app_moderate_seed1001.csv,SST,8,kappa_0.6,app_moderate,1,SST_appModerate,2.1959442631574,OCRP_MIN,WST_minus_DC,WST,831,11,42,2,2,2-2,0,2,1,3,3,1,0.6666666666666666,0.864957692996108
loo_pointwise_rep001_SST_appModerate_SST_K8_kappa_0.6_app_moderate_seed1001.csv,SST,8,kappa_0.6,app_moderate,1,SST_appModerate,2.1959442631574,OCRP_MIN,WST_minus_DC,WST,901,40,43,1,1,1-1,0,1,1,2,2,0,0.5,0.828006850245913
loo_pointwise_rep001_SST_appModerate_SST_K8_kappa_0.6_app_moderate_seed1001.csv,SST,8,kappa_0.6,app_moderate,1,SST_appModerate,2.1959442631574,OCRP_MIN,WST_minus_DC,WST,1448,17,55,4,8,4-8,4,1,1,2,2,0,0.5,0.760417988595885
loo_pointwise_rep001_SST_appModerate_SST_K8_kappa_0.6_app_moderate_seed1001.csv,SST,8,kappa_0.6,app_moderate,1,SST_appModerate,2.1959442631574,OCRP_MIN,WST_minus_DC,DC,1627,31,58,7,3,3-7,4,0,4,4,4,-4,0,-0.736209551659716
loo_pointwise_rep001_SST_appModerate_SST_K8_kappa_0.6_app_moderate_seed1001.csv,SST,8,kappa_0.6,app_moderate,1,SST_appModerate,2.1959442631574,OCRP_MIN,WST_minus_DC,WST,141,5,18,4,7,4-7,3,2,2,4,4,0,0.5,0.72347797829086
loo_pointwise_rep001_SST_appModerate_SST_K8_kappa_0.6_app_moderate_seed1001.csv,SST,8,kappa_0.6,app_moderate,1,SST_appModerate,2.1959442631574,OCRP_MIN,WST_minus_DC,DC,752,11,40,2,1,1-2,1,0,0,0,0,0,NA,-0.718938033854333
loo_pointwise_rep001_SST_appModerate_SST_K8_kappa_0.6_app_moderate_seed1001.csv,SST,8,kappa_0.6,app_moderate,1,SST_appModerate,2.1959442631574,OCRP_MIN,WST_minus_DC,DC,1693,40,59,1,8,1-8,7,1,0,1,1,1,1,-0.69981186056728
loo_pointwise_rep001_SST_appModerate_SST_K8_kappa_0.6_app_moderate_seed1001.csv,SST,8,kappa_0.6,app_moderate,1,SST_appModerate,2.1959442631574,OCRP_MIN,WST_minus_DC,DC,820,40,41,1,2,1-2,1,0,0,0,0,0,NA,-0.685083026933621
loo_pointwise_rep001_SST_appModerate_SST_K8_kappa_0.6_app_moderate_seed1001.csv,SST,8,kappa_0.6,app_moderate,1,SST_appModerate,2.1959442631574,OCRP_MIN,WST_minus_DC,WST,778,37,40,1,1,1-1,0,1,1,2,2,0,0.5,0.68182970566954
loo_pointwise_rep001_SST_appModerate_SST_K8_kappa_0.6_app_moderate_seed1001.csv,SST,8,kappa_0.6,app_moderate,1,SST_appModerate,2.1959442631574,OCRP_MIN,WST_minus_DC,DC,1428,50,54,7,3,3-7,4,1,4,5,5,-3,0.2,-0.552751412271419
loo_pointwise_rep001_SST_appModerate_SST_K8_kappa_0.6_app_moderate_seed1001.csv,SST,8,kappa_0.6,app_moderate,1,SST_appModerate,2.1959442631574,OCRP_MIN,WST_minus_DC,WST,641,11,37,2,1,1-2,1,1,1,2,2,0,0.5,0.544440984083463
loo_pointwise_rep001_SST_appModerate_SST_K8_kappa_0.6_app_moderate_seed1001.csv,SST,8,kappa_0.6,app_moderate,1,SST_appModerate,2.1959442631574,OCRP_MIN,WST_minus_DC,DC,782,2,41,6,2,2-6,4,2,2,4,4,0,0.5,-0.533376316597576
loo_pointwise_rep001_SST_appModerate_SST_K8_kappa_0.6_app_moderate_seed1001.csv,SST,8,kappa_0.6,app_moderate,1,SST_appModerate,2.1959442631574,OCRP_MIN,WST_minus_DC,DC,1807,37,61,1,8,1-8,7,1,0,1,1,1,1,-0.530977443795309
loo_pointwise_rep001_SST_appModerate_SST_K8_kappa_0.6_app_moderate_seed1001.csv,SST,8,kappa_0.6,app_moderate,1,SST_appModerate,2.1959442631574,OCRP_MIN,WST_minus_DC,DC,1852,22,62,3,7,3-7,4,3,0,3,3,3,1,-0.527804500812401
loo_pointwise_rep001_SST_appModerate_SST_K8_kappa_0.6_app_moderate_seed1001.csv,SST,8,kappa_0.6,app_moderate,1,SST_appModerate,2.1959442631574,OCRP_MIN,WST_minus_DC,DC,1031,41,46,2,2,2-2,0,0,0,0,0,0,NA,-0.515071272180922
loo_pointwise_rep001_SST_appModerate_SST_K8_kappa_0.6_app_moderate_seed1001.csv,SST,8,kappa_0.6,app_moderate,1,SST_appModerate,2.1959442631574,OCRP_MIN,WST_minus_SST,WST,20,5,7,4,3,3-4,1,2,0,2,2,2,1,0.877068769253794
loo_pointwise_rep001_SST_appModerate_SST_K8_kappa_0.6_app_moderate_seed1001.csv,SST,8,kappa_0.6,app_moderate,1,SST_appModerate,2.1959442631574,OCRP_MIN,WST_minus_SST,SST,902,41,43,2,1,1-2,1,2,1,3,3,1,0.6666666666666666,-0.825013368503805
loo_pointwise_rep001_SST_appModerate_SST_K8_kappa_0.6_app_moderate_seed1001.csv,SST,8,kappa_0.6,app_moderate,1,SST_appModerate,2.1959442631574,OCRP_MIN,WST_minus_SST,WST,1428,50,54,7,3,3-7,4,1,4,5,5,-3,0.2,0.68070000284339
loo_pointwise_rep001_SST_appModerate_SST_K8_kappa_0.6_app_moderate_seed1001.csv,SST,8,kappa_0.6,app_moderate,1,SST_appModerate,2.1959442631574,OCRP_MIN,WST_minus_SST,WST,73,7,13,3,5,3-5,2,4,0,4,4,4,1,0.621477534742042
loo_pointwise_rep001_SST_appModerate_SST_K8_kappa_0.6_app_moderate_seed1001.csv,SST,8,kappa_0.6,app_moderate,1,SST_appModerate,2.1959442631574,OCRP_MIN,WST_minus_SST,SST,2006,53,64,3,4,3-4,1,2,0,2,2,2,1,-0.619907049434779
loo_pointwise_rep001_SST_appModerate_SST_K8_kappa_0.6_app_moderate_seed1001.csv,SST,8,kappa_0.6,app_moderate,1,SST_appModerate,2.1959442631574,OCRP_MIN,WST_minus_SST,SST,1167,39,49,4,3,3-4,1,0,2,2,2,-2,0,-0.614065374678847
loo_pointwise_rep001_SST_appModerate_SST_K8_kappa_0.6_app_moderate_seed1001.csv,SST,8,kappa_0.6,app_moderate,1,SST_appModerate,2.1959442631574,OCRP_MIN,WST_minus_SST,WST,855,35,42,6,2,2-6,4,0,2,2,2,-2,0,0.596487532172053
loo_pointwise_rep001_SST_appModerate_SST_K8_kappa_0.6_app_moderate_seed1001.csv,SST,8,kappa_0.6,app_moderate,1,SST_appModerate,2.1959442631574,OCRP_MIN,WST_minus_SST,WST,921,18,44,7,3,3-7,4,0,4,4,4,-4,0,0.595972872457043
loo_pointwise_rep001_SST_appModerate_SST_K8_kappa_0.6_app_moderate_seed1001.csv,SST,8,kappa_0.6,app_moderate,1,SST_appModerate,2.1959442631574,OCRP_MIN,WST_minus_SST,SST,435,29,30,4,3,3-4,1,0,2,2,2,-2,0,-0.562048844788862
loo_pointwise_rep001_SST_appModerate_SST_K8_kappa_0.6_app_moderate_seed1001.csv,SST,8,kappa_0.6,app_moderate,1,SST_appModerate,2.1959442631574,OCRP_MIN,WST_minus_SST,WST,1927,36,63,3,5,3-5,2,4,0,4,4,4,1,0.560993826637843
loo_pointwise_rep001_SST_appModerate_SST_K8_kappa_0.6_app_moderate_seed1001.csv,SST,8,kappa_0.6,app_moderate,1,SST_appModerate,2.1959442631574,OCRP_MIN,WST_minus_SST,WST,72,6,13,6,5,5-6,1,3,0,3,3,3,1,0.558708970111756
loo_pointwise_rep001_SST_appModerate_SST_K8_kappa_0.6_app_moderate_seed1001.csv,SST,8,kappa_0.6,app_moderate,1,SST_appModerate,2.1959442631574,OCRP_MIN,WST_minus_SST,WST,203,13,21,5,3,3-5,2,0,4,4,4,-4,0,0.546701562999932
loo_pointwise_rep001_SST_appModerate_SST_K8_kappa_0.6_app_moderate_seed1001.csv,SST,8,kappa_0.6,app_moderate,1,SST_appModerate,2.1959442631574,OCRP_MIN,WST_minus_SST,SST,600,5,36,4,3,3-4,1,0,2,2,2,-2,0,-0.536217994505254
loo_pointwise_rep001_SST_appModerate_SST_K8_kappa_0.6_app_moderate_seed1001.csv,SST,8,kappa_0.6,app_moderate,1,SST_appModerate,2.1959442631574,OCRP_MIN,WST_minus_SST,SST,831,11,42,2,2,2-2,0,2,1,3,3,1,0.6666666666666666,-0.502684111598148
loo_pointwise_rep001_SST_appModerate_SST_K8_kappa_0.6_app_moderate_seed1001.csv,SST,8,kappa_0.6,app_moderate,1,SST_appModerate,2.1959442631574,OCRP_MIN,WST_minus_SST,WST,1256,31,51,7,8,7-8,1,0,0,0,0,0,NA,0.484351560427163
loo_pointwise_rep001_SST_appModerate_SST_K8_kappa_0.6_app_moderate_seed1001.csv,SST,8,kappa_0.6,app_moderate,1,SST_appModerate,2.1959442631574,OCRP_MIN,WST_minus_SST,WST,1909,18,63,7,5,5-7,2,2,2,4,4,0,0.5,0.453862926068591
loo_pointwise_rep001_SST_appModerate_SST_K8_kappa_0.6_app_moderate_seed1001.csv,SST,8,kappa_0.6,app_moderate,1,SST_appModerate,2.1959442631574,OCRP_MIN,WST_minus_SST,SST,463,28,31,8,7,7-8,1,0,2,2,2,-2,0,-0.436948666023476
loo_pointwise_rep001_SST_appModerate_SST_K8_kappa_0.6_app_moderate_seed1001.csv,SST,8,kappa_0.6,app_moderate,1,SST_appModerate,2.1959442631574,OCRP_MIN,WST_minus_SST,WST,1922,31,63,7,5,5-7,2,2,1,3,3,1,0.6666666666666666,0.424557814842005
loo_pointwise_rep001_SST_appModerate_SST_K8_kappa_0.6_app_moderate_seed1001.csv,SST,8,kappa_0.6,app_moderate,1,SST_appModerate,2.1959442631574,OCRP_MIN,WST_minus_SST,SST,148,12,18,8,7,7-8,1,0,2,2,2,-2,0,-0.421441153752899
loo_pointwise_rep001_SST_appModerate_SST_K8_kappa_0.6_app_moderate_seed1001.csv,SST,8,kappa_0.6,app_moderate,1,SST_appModerate,2.1959442631574,OCRP_MIN,WST_minus_SST,WST,1325,50,52,7,8,7-8,1,0,0,0,0,0,NA,0.414942610386803
loo_pointwise_rep001_WST_appModerate_WST_K8_kappa_0.6_app_moderate_seed1002.csv,WST,8,kappa_0.6,app_moderate,1,WST_appModerate,2.1959442631574,OCRP_MIN,SST_minus_DC,SST,1594,54,57,2,3,2-3,1,4,0,4,4,4,1,2.77083507720017
loo_pointwise_rep001_WST_appModerate_WST_K8_kappa_0.6_app_moderate_seed1002.csv,WST,8,kappa_0.6,app_moderate,1,WST_appModerate,2.1959442631574,OCRP_MIN,SST_minus_DC,SST,1412,34,54,1,2,1-2,1,3,0,3,3,3,1,1.95668542126018
loo_pointwise_rep001_WST_appModerate_WST_K8_kappa_0.6_app_moderate_seed1002.csv,WST,8,kappa_0.6,app_moderate,1,WST_appModerate,2.1959442631574,OCRP_MIN,SST_minus_DC,SST,969,23,45,4,3,3-4,1,0,2,2,2,-2,0,1.76620998072246
loo_pointwise_rep001_WST_appModerate_WST_K8_kappa_0.6_app_moderate_seed1002.csv,WST,8,kappa_0.6,app_moderate,1,WST_appModerate,2.1959442631574,OCRP_MIN,SST_minus_DC,SST,42,6,10,6,4,4-6,2,1,0,1,1,1,1,1.66069746449585
loo_pointwise_rep001_WST_appModerate_WST_K8_kappa_0.6_app_moderate_seed1002.csv,WST,8,kappa_0.6,app_moderate,1,WST_appModerate,2.1959442631574,OCRP_MIN,SST_minus_DC,SST,1425,47,54,4,2,2-4,2,0,3,3,3,-3,0,1.50058302752463
loo_pointwise_rep001_WST_appModerate_WST_K8_kappa_0.6_app_moderate_seed1002.csv,WST,8,kappa_0.6,app_moderate,1,WST_appModerate,2.1959442631574,OCRP_MIN,SST_minus_DC,SST,1339,13,53,4,3,3-4,1,1,3,4,4,-2,0.25,1.49948848095493
loo_pointwise_rep001_WST_appModerate_WST_K8_kappa_0.6_app_moderate_seed1002.csv,WST,8,kappa_0.6,app_moderate,1,WST_appModerate,2.1959442631574,OCRP_MIN,SST_minus_DC,DC,1351,25,53,8,3,3-8,5,1,2,3,3,-1,0.3333333333333333,-1.41748826590563
loo_pointwise_rep001_WST_appModerate_WST_K8_kappa_0.6_app_moderate_seed1002.csv,WST,8,kappa_0.6,app_moderate,1,WST_appModerate,2.1959442631574,OCRP_MIN,SST_minus_DC,DC,1618,22,58,5,7,5-7,2,0,3,3,3,-3,0,-1.37154360988751
loo_pointwise_rep001_WST_appModerate_WST_K8_kappa_0.6_app_moderate_seed1002.csv,WST,8,kappa_0.6,app_moderate,1,WST_appModerate,2.1959442631574,OCRP_MIN,SST_minus_DC,DC,389,11,29,6,8,6-8,2,2,1,3,3,1,0.6666666666666666,-1.32605016351428
loo_pointwise_rep001_WST_appModerate_WST_K8_kappa_0.6_app_moderate_seed1002.csv,WST,8,kappa_0.6,app_moderate,1,WST_appModerate,2.1959442631574,OCRP_MIN,SST_minus_DC,SST,376,25,28,8,7,7-8,1,1,0,1,1,1,1,1.30003708977852
loo_pointwise_rep001_WST_appModerate_WST_K8_kappa_0.6_app_moderate_seed1002.csv,WST,8,kappa_0.6,app_moderate,1,WST_appModerate,2.1959442631574,OCRP_MIN,SST_minus_DC,DC,287,11,25,6,8,6-8,2,2,1,3,3,1,0.6666666666666666,-1.28653618596533
loo_pointwise_rep001_WST_appModerate_WST_K8_kappa_0.6_app_moderate_seed1002.csv,WST,8,kappa_0.6,app_moderate,1,WST_appModerate,2.1959442631574,OCRP_MIN,SST_minus_DC,DC,971,25,45,8,3,3-8,5,1,0,1,1,1,1,-1.25879018939156
loo_pointwise_rep001_WST_appModerate_WST_K8_kappa_0.6_app_moderate_seed1002.csv,WST,8,kappa_0.6,app_moderate,1,WST_appModerate,2.1959442631574,OCRP_MIN,SST_minus_DC,SST,1188,12,50,8,7,7-8,1,1,1,2,2,0,0.5,1.23996829041466
loo_pointwise_rep001_WST_appModerate_WST_K8_kappa_0.6_app_moderate_seed1002.csv,WST,8,kappa_0.6,app_moderate,1,WST_appModerate,2.1959442631574,OCRP_MIN,SST_minus_DC,DC,1356,30,53,2,3,2-3,1,1,0,1,1,1,1,-1.17549151208644
loo_pointwise_rep001_WST_appModerate_WST_K8_kappa_0.6_app_moderate_seed1002.csv,WST,8,kappa_0.6,app_moderate,1,WST_appModerate,2.1959442631574,OCRP_MIN,SST_minus_DC,SST,1380,2,54,1,2,1-2,1,2,0,2,2,2,1,1.17444669346876
loo_pointwise_rep001_WST_appModerate_WST_K8_kappa_0.6_app_moderate_seed1002.csv,WST,8,kappa_0.6,app_moderate,1,WST_appModerate,2.1959442631574,OCRP_MIN,SST_minus_DC,DC,734,31,39,2,2,2-2,0,0,1,1,1,-1,0,-1.17338829756804
loo_pointwise_rep001_WST_appModerate_WST_K8_kappa_0.6_app_moderate_seed1002.csv,WST,8,kappa_0.6,app_moderate,1,WST_appModerate,2.1959442631574,OCRP_MIN,SST_minus_DC,SST,1420,42,54,1,2,1-2,1,2,0,2,2,2,1,1.172247969895
loo_pointwise_rep001_WST_appModerate_WST_K8_kappa_0.6_app_moderate_seed1002.csv,WST,8,kappa_0.6,app_moderate,1,WST_appModerate,2.1959442631574,OCRP_MIN,SST_minus_DC,SST,155,2,19,1,5,1-5,4,0,1,1,1,-1,0,1.09874622919206
loo_pointwise_rep001_WST_appModerate_WST_K8_kappa_0.6_app_moderate_seed1002.csv,WST,8,kappa_0.6,app_moderate,1,WST_appModerate,2.1959442631574,OCRP_MIN,SST_minus_DC,DC,1593,53,57,3,3,3-3,0,0,1,1,1,-1,0,-1.07912894282165
loo_pointwise_rep001_WST_appModerate_WST_K8_kappa_0.6_app_moderate_seed1002.csv,WST,8,kappa_0.6,app_moderate,1,WST_appModerate,2.1959442631574,OCRP_MIN,SST_minus_DC,DC,985,39,45,2,3,2-3,1,1,0,1,1,1,1,-0.998726330534414
loo_pointwise_rep001_WST_appModerate_WST_K8_kappa_0.6_app_moderate_seed1002.csv,WST,8,kappa_0.6,app_moderate,1,WST_appModerate,2.1959442631574,OCRP_MIN,WST_minus_DC,WST,1594,54,57,2,3,2-3,1,4,0,4,4,4,1,1.71210381028801
loo_pointwise_rep001_WST_appModerate_WST_K8_kappa_0.6_app_moderate_seed1002.csv,WST,8,kappa_0.6,app_moderate,1,WST_appModerate,2.1959442631574,OCRP_MIN,WST_minus_DC,WST,1412,34,54,1,2,1-2,1,3,0,3,3,3,1,1.57873757241401
loo_pointwise_rep001_WST_appModerate_WST_K8_kappa_0.6_app_moderate_seed1002.csv,WST,8,kappa_0.6,app_moderate,1,WST_appModerate,2.1959442631574,OCRP_MIN,WST_minus_DC,WST,1339,13,53,4,3,3-4,1,1,3,4,4,-2,0.25,1.49083879322409
loo_pointwise_rep001_WST_appModerate_WST_K8_kappa_0.6_app_moderate_seed1002.csv,WST,8,kappa_0.6,app_moderate,1,WST_appModerate,2.1959442631574,OCRP_MIN,WST_minus_DC,WST,969,23,45,4,3,3-4,1,0,2,2,2,-2,0,1.2415280177033
loo_pointwise_rep001_WST_appModerate_WST_K8_kappa_0.6_app_moderate_seed1002.csv,WST,8,kappa_0.6,app_moderate,1,WST_appModerate,2.1959442631574,OCRP_MIN,WST_minus_DC,DC,734,31,39,2,2,2-2,0,0,1,1,1,-1,0,-1.12163366043155
loo_pointwise_rep001_WST_appModerate_WST_K8_kappa_0.6_app_moderate_seed1002.csv,WST,8,kappa_0.6,app_moderate,1,WST_appModerate,2.1959442631574,OCRP_MIN,WST_minus_DC,WST,1380,2,54,1,2,1-2,1,2,0,2,2,2,1,1.01919786996046
loo_pointwise_rep001_WST_appModerate_WST_K8_kappa_0.6_app_moderate_seed1002.csv,WST,8,kappa_0.6,app_moderate,1,WST_appModerate,2.1959442631574,OCRP_MIN,WST_minus_DC,WST,1420,42,54,1,2,1-2,1,2,0,2,2,2,1,1.0011359546885
loo_pointwise_rep001_WST_appModerate_WST_K8_kappa_0.6_app_moderate_seed1002.csv,WST,8,kappa_0.6,app_moderate,1,WST_appModerate,2.1959442631574,OCRP_MIN,WST_minus_DC,WST,1425,47,54,4,2,2-4,2,0,3,3,3,-3,0,0.991441176916904
loo_pointwise_rep001_WST_appModerate_WST_K8_kappa_0.6_app_moderate_seed1002.csv,WST,8,kappa_0.6,app_moderate,1,WST_appModerate,2.1959442631574,OCRP_MIN,WST_minus_DC,DC,1835,5,62,2,8,2-8,6,2,0,2,2,2,1,-0.920804135372891
loo_pointwise_rep001_WST_appModerate_WST_K8_kappa_0.6_app_moderate_seed1002.csv,WST,8,kappa_0.6,app_moderate,1,WST_appModerate,2.1959442631574,OCRP_MIN,WST_minus_DC,DC,1356,30,53,2,3,2-3,1,1,0,1,1,1,1,-0.888528195101698
loo_pointwise_rep001_WST_appModerate_WST_K8_kappa_0.6_app_moderate_seed1002.csv,WST,8,kappa_0.6,app_moderate,1,WST_appModerate,2.1959442631574,OCRP_MIN,WST_minus_DC,DC,1944,53,63,3,2,2-3,1,0,1,1,1,-1,0,-0.877341130035218
loo_pointwise_rep001_WST_appModerate_WST_K8_kappa_0.6_app_moderate_seed1002.csv,WST,8,kappa_0.6,app_moderate,1,WST_appModerate,2.1959442631574,OCRP_MIN,WST_minus_DC,DC,985,39,45,2,3,2-3,1,1,0,1,1,1,1,-0.875800177522863
loo_pointwise_rep001_WST_appModerate_WST_K8_kappa_0.6_app_moderate_seed1002.csv,WST,8,kappa_0.6,app_moderate,1,WST_appModerate,2.1959442631574,OCRP_MIN,WST_minus_DC,DC,447,12,31,8,2,2-8,6,0,2,2,2,-2,0,-0.851887000771351
loo_pointwise_rep001_WST_appModerate_WST_K8_kappa_0.6_app_moderate_seed1002.csv,WST,8,kappa_0.6,app_moderate,1,WST_appModerate,2.1959442631574,OCRP_MIN,WST_minus_DC,DC,1593,53,57,3,3,3-3,0,0,1,1,1,-1,0,-0.838694311265628
loo_pointwise_rep001_WST_appModerate_WST_K8_kappa_0.6_app_moderate_seed1002.csv,WST,8,kappa_0.6,app_moderate,1,WST_appModerate,2.1959442631574,OCRP_MIN,WST_minus_DC,WST,1949,58,63,7,2,2-7,5,1,0,1,1,1,1,0.804571482004124
loo_pointwise_rep001_WST_appModerate_WST_K8_kappa_0.6_app_moderate_seed1002.csv,WST,8,kappa_0.6,app_moderate,1,WST_appModerate,2.1959442631574,OCRP_MIN,WST_minus_DC,WST,705,2,39,1,2,1-2,1,2,0,2,2,2,1,0.80032281518102
loo_pointwise_rep001_WST_appModerate_WST_K8_kappa_0.6_app_moderate_seed1002.csv,WST,8,kappa_0.6,app_moderate,1,WST_appModerate,2.1959442631574,OCRP_MIN,WST_minus_DC,WST,1428,50,54,7,2,2-7,5,0,2,2,2,-2,0,0.698008699408125
loo_pointwise_rep001_WST_appModerate_WST_K8_kappa_0.6_app_moderate_seed1002.csv,WST,8,kappa_0.6,app_moderate,1,WST_appModerate,2.1959442631574,OCRP_MIN,WST_minus_DC,WST,470,5,32,2,6,2-6,4,0,1,1,1,-1,0,0.691555496109813
loo_pointwise_rep001_WST_appModerate_WST_K8_kappa_0.6_app_moderate_seed1002.csv,WST,8,kappa_0.6,app_moderate,1,WST_appModerate,2.1959442631574,OCRP_MIN,WST_minus_DC,DC,1607,11,58,6,7,6-7,1,1,0,1,1,1,1,-0.689964529622387
loo_pointwise_rep001_WST_appModerate_WST_K8_kappa_0.6_app_moderate_seed1002.csv,WST,8,kappa_0.6,app_moderate,1,WST_appModerate,2.1959442631574,OCRP_MIN,WST_minus_DC,DC,1496,11,56,6,7,6-7,1,1,0,1,1,1,1,-0.676924895214657
loo_pointwise_rep001_WST_appModerate_WST_K8_kappa_0.6_app_moderate_seed1002.csv,WST,8,kappa_0.6,app_moderate,1,WST_appModerate,2.1959442631574,OCRP_MIN,WST_minus_SST,WST,1618,22,58,5,7,5-7,2,0,3,3,3,-3,0,1.31915398486925
loo_pointwise_rep001_WST_appModerate_WST_K8_kappa_0.6_app_moderate_seed1002.csv,WST,8,kappa_0.6,app_moderate,1,WST_appModerate,2.1959442631574,OCRP_MIN,WST_minus_SST,WST,1351,25,53,8,3,3-8,5,1,2,3,3,-1,0.3333333333333333,1.14514812704649
loo_pointwise_rep001_WST_appModerate_WST_K8_kappa_0.6_app_moderate_seed1002.csv,WST,8,kappa_0.6,app_moderate,1,WST_appModerate,2.1959442631574,OCRP_MIN,WST_minus_SST,WST,971,25,45,8,3,3-8,5,1,0,1,1,1,1,1.11166871003922
loo_pointwise_rep001_WST_appModerate_WST_K8_kappa_0.6_app_moderate_seed1002.csv,WST,8,kappa_0.6,app_moderate,1,WST_appModerate,2.1959442631574,OCRP_MIN,WST_minus_SST,SST,1594,54,57,2,3,2-3,1,4,0,4,4,4,1,-1.05873126691216
loo_pointwise_rep001_WST_appModerate_WST_K8_kappa_0.6_app_moderate_seed1002.csv,WST,8,kappa_0.6,app_moderate,1,WST_appModerate,2.1959442631574,OCRP_MIN,WST_minus_SST,SST,42,6,10,6,4,4-6,2,1,0,1,1,1,1,-0.984970191085833
loo_pointwise_rep001_WST_appModerate_WST_K8_kappa_0.6_app_moderate_seed1002.csv,WST,8,kappa_0.6,app_moderate,1,WST_appModerate,2.1959442631574,OCRP_MIN,WST_minus_SST,SST,376,25,28,8,7,7-8,1,1,0,1,1,1,1,-0.95679538787832
loo_pointwise_rep001_WST_appModerate_WST_K8_kappa_0.6_app_moderate_seed1002.csv,WST,8,kappa_0.6,app_moderate,1,WST_appModerate,2.1959442631574,OCRP_MIN,WST_minus_SST,WST,287,11,25,6,8,6-8,2,2,1,3,3,1,0.6666666666666666,0.900297785001508
loo_pointwise_rep001_WST_appModerate_WST_K8_kappa_0.6_app_moderate_seed1002.csv,WST,8,kappa_0.6,app_moderate,1,WST_appModerate,2.1959442631574,OCRP_MIN,WST_minus_SST,WST,1672,19,59,5,7,5-7,2,0,2,2,2,-2,0,0.88605335012781306
loo_pointwise_rep001_WST_appModerate_WST_K8_kappa_0.6_app_moderate_seed1002.csv,WST,8,kappa_0.6,app_moderate,1,WST_appModerate,2.1959442631574,OCRP_MIN,WST_minus_SST,WST,1142,14,49,5,7,5-7,2,0,2,2,2,-2,0,0.88379085556485
loo_pointwise_rep001_WST_appModerate_WST_K8_kappa_0.6_app_moderate_seed1002.csv,WST,8,kappa_0.6,app_moderate,1,WST_appModerate,2.1959442631574,OCRP_MIN,WST_minus_SST,WST,1977,24,64,5,7,5-7,2,0,2,2,2,-2,0,0.879152208722484
loo_pointwise_rep001_WST_appModerate_WST_K8_kappa_0.6_app_moderate_seed1002.csv,WST,8,kappa_0.6,app_moderate,1,WST_appModerate,2.1959442631574,OCRP_MIN,WST_minus_SST,WST,389,11,29,6,8,6-8,2,2,1,3,3,1,0.6666666666666666,0.877447896844632
loo_pointwise_rep001_WST_appModerate_WST_K8_kappa_0.6_app_moderate_seed1002.csv,WST,8,kappa_0.6,app_moderate,1,WST_appModerate,2.1959442631574,OCRP_MIN,WST_minus_SST,SST,1188,12,50,8,7,7-8,1,1,1,2,2,0,0.5,-0.87726901528732
loo_pointwise_rep001_WST_appModerate_WST_K8_kappa_0.6_app_moderate_seed1002.csv,WST,8,kappa_0.6,app_moderate,1,WST_appModerate,2.1959442631574,OCRP_MIN,WST_minus_SST,WST,431,25,30,8,2,2-8,6,1,0,1,1,1,1,0.825086129840883
loo_pointwise_rep001_WST_appModerate_WST_K8_kappa_0.6_app_moderate_seed1002.csv,WST,8,kappa_0.6,app_moderate,1,WST_appModerate,2.1959442631574,OCRP_MIN,WST_minus_SST,WST,1754,43,60,5,7,5-7,2,1,2,3,3,-1,0.3333333333333333,0.813452109509155
loo_pointwise_rep001_WST_appModerate_WST_K8_kappa_0.6_app_moderate_seed1002.csv,WST,8,kappa_0.6,app_moderate,1,WST_appModerate,2.1959442631574,OCRP_MIN,WST_minus_SST,WST,382,4,29,4,8,4-8,4,0,1,1,1,-1,0,0.799438175179597
loo_pointwise_rep001_WST_appModerate_WST_K8_kappa_0.6_app_moderate_seed1002.csv,WST,8,kappa_0.6,app_moderate,1,WST_appModerate,2.1959442631574,OCRP_MIN,WST_minus_SST,WST,299,23,25,4,8,4-8,4,0,1,1,1,-1,0,0.790868788134444
loo_pointwise_rep001_WST_appModerate_WST_K8_kappa_0.6_app_moderate_seed1002.csv,WST,8,kappa_0.6,app_moderate,1,WST_appModerate,2.1959442631574,OCRP_MIN,WST_minus_SST,WST,1325,50,52,7,5,5-7,2,2,2,4,4,0,0.5,0.774854378456322
loo_pointwise_rep001_WST_appModerate_WST_K8_kappa_0.6_app_moderate_seed1002.csv,WST,8,kappa_0.6,app_moderate,1,WST_appModerate,2.1959442631574,OCRP_MIN,WST_minus_SST,WST,1047,12,47,8,4,4-8,4,1,1,2,2,0,0.5,0.751177885148744
loo_pointwise_rep001_WST_appModerate_WST_K8_kappa_0.6_app_moderate_seed1002.csv,WST,8,kappa_0.6,app_moderate,1,WST_appModerate,2.1959442631574,OCRP_MIN,WST_minus_SST,WST,642,12,37,8,4,4-8,4,1,1,2,2,0,0.5,0.745944898328081
loo_pointwise_rep001_WST_appModerate_WST_K8_kappa_0.6_app_moderate_seed1002.csv,WST,8,kappa_0.6,app_moderate,1,WST_appModerate,2.1959442631574,OCRP_MIN,WST_minus_SST,WST,659,29,37,8,4,4-8,4,1,1,2,2,0,0.5,0.745074231639992
